Month;#Commits
2003-02;88
2003-03;74
2003-04;40
2003-05;7
2003-06;3
2003-07;82
2003-08;56
2003-09;99
2003-10;90
2003-11;47
2003-12;97
2004-01;0
2004-02;0
2004-03;0
2004-04;1
2004-05;93
2004-06;39
2004-07;17
2004-08;2
2004-09;0
2004-10;3
2004-11;7
2004-12;16
2005-01;5
2005-02;7
2005-03;0
2005-04;5
2005-05;25
2005-06;12
2005-07;10
2005-08;4
2005-09;4
2005-10;34
2005-11;37
2005-12;9
2006-01;2
2006-02;0
2006-03;12
2006-04;16
2006-05;10
2006-06;2
2006-07;3
2006-08;26
2006-09;3
2006-10;1
2006-11;1
2006-12;0
2007-01;3
2007-02;0
2007-03;0
2007-04;1
2007-05;1
2007-06;1
2007-07;0
2007-08;11
2007-09;0
2007-10;4
2007-11;6
2007-12;3
2008-01;1
2008-02;0
2008-03;0
2008-04;10
2008-05;0
2008-06;69
2008-07;44
2008-08;0
2008-09;0
2008-10;0
2008-11;1
2008-12;2
2009-01;6
2009-02;1
2009-03;6
2009-04;42
2009-05;24
2009-06;12
2009-07;17
2009-08;63
2009-09;6
2009-10;7
2009-11;1
2009-12;1
2010-01;0
2010-02;0
2010-03;0
2010-04;0
2010-05;0
2010-06;9
2010-07;0
2010-08;5
2010-09;0
2010-10;0
2010-11;0
2010-12;0
2011-01;0
2011-02;6
2011-03;13
2011-04;1
2011-05;0
2011-06;0
2011-07;0
2011-08;0
2011-09;0
2011-10;0
2011-11;0
2011-12;0
2012-01;0
2012-02;0
2012-03;0
2012-04;0
2012-05;1
2012-06;10
2012-07;21
2012-08;2
2012-09;2
2012-10;0
2012-11;1
2012-12;0
2013-01;0
2013-02;0
2013-03;0
2013-04;0
2013-05;0
2013-06;0
2013-07;0
2013-08;0
2013-09;0
2013-10;0
2013-11;0
2013-12;0
2014-01;0
2014-02;0
2014-03;9
2014-04;15
2014-05;2
2014-06;0
2014-07;1
2014-08;0
2014-09;0
2014-10;0
2014-11;0
2014-12;0
2015-01;0
2015-02;16
2015-03;14
2015-04;1
2015-05;2
2015-06;0
2015-07;2
2015-08;5
2015-09;0
2015-10;0
2015-11;0
2015-12;4
2016-01;0
2016-02;3
2016-03;2
2016-04;3
2016-05;0
2016-06;0
2016-07;3
2016-08;8
2016-09;3
2016-10;0
2016-11;0
2016-12;1
2017-01;0
2017-02;3
2017-03;4
2017-04;5
2017-05;43
2017-06;116
2017-07;77
2017-08;123
2017-09;94
2017-10;167
2017-11;65
2017-12;171
2018-01;223
2018-02;102
2018-03;160
2018-04;135
2018-05;175
2018-06;97
2018-07;113
2018-08;109
2018-09;103
2018-10;158
2018-11;90
2018-12;108
2019-01;125
2019-02;132
2019-03;107
2019-04;124
2019-05;153
2019-06;143
2019-07;110
2019-08;52
2019-09;60
2019-10;26
2019-11;36
2019-12;67
2020-01;46
2020-02;66
2020-03;128
2020-04;70
2020-05;60
2020-06;116
2020-07;152
2020-08;101
2020-09;92
2020-10;87
2020-11;46
2020-12;47
2021-01;63
2021-02;39
2021-03;69
2021-04;42
2021-05;50
2021-06;148
2021-07;165
2021-08;82
2021-09;106
2021-10;82
2021-11;79
2021-12;135
2022-01;107
2022-02;87
2022-03;45
2022-04;50
2022-05;43
2022-06;36
2022-07;117
2022-08;52
2022-09;43
2022-10;60
2022-11;33
2022-12;37
2023-01;49
2023-02;46
2023-03;60
2023-04;65
2023-05;44
2023-06;49
2023-07;30
2023-08;25
2023-09;21
2023-10;22
2023-11;38
2023-12;35
2024-01;44
2024-02;22
2024-03;13
2024-04;15
2024-05;11
2024-06;17
2024-07;7
2024-08;29
2024-09;16
2024-10;10
2024-11;8
2024-12;19
2025-01;31
2025-02;7
2025-03;12
2025-04;11
2025-05;19
2025-06;18
2025-07;9
2025-08;19
2025-09;22
2025-10;18
2025-11;20
2025-12;10
2026-01;6
2026-02;20
2026-03;70
2026-04;81
