project_wocid;ncommits;nauthors;from;to;from_date;to_date;nstars;nforks;lastGHCommitDate
asgr_profound;631;5;1501848698;1762915006;2017-08-04;2025-11-12;51;8;2026-09-26
homalg-project_toricvarieties_project;2445;14;1433770389;1736792798;2015-06-08;2025-01-13;8;5;2025-01-14
lanl_elements;638;34;1595368339;1777314688;2020-07-21;2026-04-27;24;15;2026-09-22
ldbc_sigmod2014-pc;536;10;1580996984;1748644377;2020-02-06;2025-05-30;3;0;2025-05-30
libatoms_quip;11907;125;1239384869;1761944464;2009-04-10;2025-10-31;403;131;2026-05-12
nanocomp_meep;9022;174;1045049250;1776398803;2003-02-12;2026-04-17;1778;811;2026-09-27
opticspy_lightpipes;341;13;1447922910;1725499021;2015-11-19;2024-09-05;313;67;2026-02-26
ph-rast_bmgarch;504;8;1557274350;1730405362;2019-05-08;2024-10-31;18;11;2026-07-07
wiris_moodle-filter_wiris;1476;39;1459764927;1762342603;2016-04-04;2025-11-05;17;19;2026-05-29
wurmlab_sequenceserver;3683;109;1285914066;1761847408;2010-10-01;2025-10-30;302;121;2026-05-11
